source_id,publisher,title,source_type,publication_year,url,source_notes
SRC001,Amazon / AWS,AWS Cloud sustainability: PUE and WUE tables,operator sustainability disclosure,2026,https://sustainability.aboutamazon.com/products-services/aws-cloud?waterType=true,Primary source. Defines AWS WUE as liters of water withdrawn per kWh of IT load and reports regional 2024/2025 WUE and PUE.
SRC002,Amazon Web Services,AWS Sustainability Fact Sheet — Ohio,operator regional fact sheet,2026,https://sustainability.aboutamazon.com/aws-sustainability-fact-sheets/aws-fact-sheet-ohio.pdf,Primary Ohio-specific source. Reports U.S. East (Ohio) PUE and WUE for 2022–2025; WUE available for 2024–2025.
SRC003,Microsoft,Measuring energy and water efficiency for Microsoft datacenters,operator sustainability disclosure,2026,https://datacenters.microsoft.com/sustainability/efficiency/,Primary source. Defines WUE numerator as water used for humidification and cooling and denominator as IT-equipment electricity; reports FY24/FY25 regional values.
SRC004,Meta,2025 Environmental Data Index,operator environmental data report,2025,https://sustainability.atmeta.com/asset/2025-esg-data-index,Primary source. Reports 2024 facility electricity consumption in MWh and water withdrawal in ML. Derived facility intensities use these same-scope values but are not standard IT-energy WUE.
SRC005,Equinix,2024 Sustainability Report,operator sustainability report,2025,https://sustainability.equinix.com/wp-content/uploads/2025/04/Equinix-Inc_2024-Sustainability-Report.pdf,Primary source. Reports annual average WUE for all sites and evaporative sites; footnote defines evaporative sites as data centers with cooling systems that utilize water.
SRC006,"City of DeKalb, Illinois",DeKalb City Council agenda — Project Vector / Edged,local government planning record,2025,https://www.cityofdekalb.com/AgendaCenter/ViewFile/Agenda/_12082025-2784,"Government record summarizing project design claims: waterless closed systems, no water consumption for cooling, PUE 1.15 and WUE 0.00."
SRC007,Wisconsin Public Radio / City of Racine records,"Microsoft data centers will use up to 8.4M gallons of water each year, records show",public-record-derived reporting,2025,https://www.wpr.org/news/microsoft-data-centers-8-million-gallons-water-each-year,Secondary reporting based on released Racine utility records. Reports projected annual and peak water demand for future Mount Pleasant phases.
SRC008,"U.S. Department of Energy, FEMP",Cooling Water Efficiency Opportunities for Federal Data Centers,government methodology guidance,2019,https://www.energy.gov/cmei/femp/cooling-water-efficiency-opportunities-federal-data-centers,"Methodological anchor. DOE/FEMP page dated January 9, 2019. Defines site WUE as annual site water usage (L) divided by annual IT-equipment energy (kWh)."
SRC009,City of Racine / released utility-demand record,MKE Regional Demands 03/01/24,utility/planning record,2024,https://www.wpr.org/wp-content/uploads/2025/09/MKE-Regional-Demands-030124.pdf,Underlying one-page demand record released by the City of Racine and linked by Wisconsin Public Radio; supports the Mount Pleasant projected-demand case together with SRC007.
